source_id,source_name,target_id,target_name,weight
0,0,74,74,0.048358261585235596
0,0,15,15,0.043460626155138016
0,0,77,77,0.03990081325173378
0,0,45,45,0.03946668654680252
0,0,66,66,0.03129908815026283
0,0,100,100,0.03029666468501091
0,0,7,7,0.028545698150992393
0,0,6,6,0.023068584501743317
0,0,69,69,0.021677173674106598
1,1,74,74,0.09152429550886154
1,1,45,45,0.0788426324725151
1,1,66,66,0.06711546331644058
1,1,77,77,0.04290321096777916
1,1,6,6,0.03909967467188835
1,1,86,86,0.035577815026044846
1,1,63,63,0.026968909427523613
1,1,100,100,0.025316987186670303
1,1,81,81,0.024181153625249863
2,2,4,4,0.11818908154964447
2,2,90,90,0.10601172596216202
2,2,34,34,0.08218595385551453
2,2,92,92,0.04322923347353935
2,2,40,40,0.037517860531806946
2,2,9,9,0.03460060805082321
2,2,93,93,0.026234161108732224
2,2,30,30,0.02486966922879219
2,2,89,89,0.02105443738400936
3,3,13,13,0.06537461280822754
3,3,14,14,0.057082824409008026
3,3,65,65,0.034126490354537964
3,3,59,59,0.03395944833755493
3,3,75,75,0.03040730580687523
3,3,24,24,0.028831999748945236
3,3,27,27,0.02547876164317131
3,3,68,68,0.025355400517582893
3,3,8,8,0.023187680169939995
4,4,90,90,0.0977625623345375
4,4,34,34,0.06525464355945587
4,4,92,92,0.0452532060444355
4,4,9,9,0.04231024160981178
4,4,2,2,0.038950979709625244
4,4,40,40,0.026771917939186096
4,4,95,95,0.02585243061184883
4,4,93,93,0.025618145242333412
4,4,89,89,0.025536447763442993
5,5,29,29,0.06559066474437714
5,5,68,68,0.052592191845178604
5,5,8,8,0.04214993491768837
5,5,74,74,0.041699040681123734
5,5,63,63,0.032034438103437424
5,5,17,17,0.03180542588233948
5,5,45,45,0.028765635564923286
5,5,28,28,0.02706838771700859
5,5,54,54,0.02691234089434147
6,6,74,74,0.19380831718444824
6,6,45,45,0.12802192568778992
6,6,66,66,0.07676443457603455
6,6,86,86,0.04166479408740997
6,6,77,77,0.0379970408976078
6,6,35,35,0.031872838735580444
6,6,81,81,0.025367408990859985
6,6,63,63,0.020754029974341393
6,6,32,32,0.020694168284535408
7,7,74,74,0.06673043221235275
7,7,15,15,0.058585524559020996
7,7,45,45,0.047929540276527405
7,7,77,77,0.04627921059727669
7,7,69,69,0.04487294703722
7,7,33,33,0.02853900007903576
7,7,35,35,0.025643525645136833
7,7,100,100,0.025262728333473206
7,7,63,63,0.025168485939502716
8,8,74,74,0.06208191066980362
8,8,45,45,0.051944222301244736
8,8,68,68,0.0510048009455204
8,8,14,14,0.04610077664256096
8,8,5,5,0.04004785791039467
8,8,29,29,0.03987507522106171
8,8,63,63,0.03449038416147232
8,8,66,66,0.033041421324014664
8,8,77,77,0.030717186629772186
9,9,92,92,0.10933084040880203
9,9,4,4,0.09551820158958435
9,9,90,90,0.05946008116006851
9,9,34,34,0.053889200091362
9,9,93,93,0.04126454144716263
9,9,40,40,0.03821978718042374
9,9,55,55,0.032114699482917786
9,9,87,87,0.029140330851078033
9,9,95,95,0.028661103919148445
10,10,4,4,0.08870265632867813
10,10,90,90,0.07047448307275772
10,10,95,95,0.04434117674827576
10,10,34,34,0.03864661976695061
10,10,2,2,0.03465412184596062
10,10,9,9,0.03387424349784851
10,10,40,40,0.027529757469892502
10,10,92,92,0.02583199366927147
10,10,30,30,0.023174142464995384
11,11,15,15,0.03956645727157593
11,11,77,77,0.03872130811214447
11,11,63,63,0.03574921935796738
11,11,45,45,0.02942216955125332
11,11,74,74,0.029350699856877327
11,11,61,61,0.026104887947440147
11,11,46,46,0.025821520015597343
11,11,84,84,0.02521059475839138
11,11,29,29,0.02434099279344082
12,12,84,84,0.03338741138577461
12,12,60,60,0.025582123547792435
12,12,11,11,0.02379174530506134
12,12,46,46,0.022745804861187935
12,12,83,83,0.021197739988565445
12,12,15,15,0.020846251398324966
12,12,52,52,0.019992293789982796
12,12,69,69,0.019751692190766335
12,12,7,7,0.018801329657435417
13,13,14,14,0.08781017363071442
13,13,59,59,0.05648733302950859
13,13,3,3,0.04624246060848236
13,13,75,75,0.0274127759039402
13,13,65,65,0.02499542012810707
13,13,68,68,0.019640926271677017
13,13,62,62,0.01948503591120243
13,13,86,86,0.018954189494252205
13,13,8,8,0.016942596063017845
14,14,74,74,0.07836379110813141
14,14,45,45,0.07279961556196213
14,14,66,66,0.04962219297885895
14,14,59,59,0.04781988635659218
14,14,13,13,0.046790555119514465
14,14,86,86,0.04501115158200264
14,14,68,68,0.038932010531425476
14,14,8,8,0.029718361794948578
14,14,62,62,0.021826712414622307
15,15,61,61,0.05342523753643036
15,15,7,7,0.047024019062519073
15,15,26,26,0.04444495961070061
15,15,77,77,0.02986287511885166
15,15,83,83,0.026759764179587364
15,15,0,0,0.026362277567386627
15,15,11,11,0.023968644440174103
15,15,101,101,0.02298063226044178
15,15,100,100,0.022356482222676277
16,16,85,85,0.03654803708195686
16,16,27,27,0.033803220838308334
16,16,5,5,0.03376561403274536
16,16,29,29,0.029363390058279037
16,16,17,17,0.02699737809598446
16,16,53,53,0.026696916669607162
16,16,32,32,0.022448066622018814
16,16,28,28,0.021133925765752792
16,16,68,68,0.02044198103249073
17,17,5,5,0.045786093920469284
17,17,68,68,0.04188476875424385
17,17,29,29,0.04162534326314926
17,17,8,8,0.03507428616285324
17,17,14,14,0.034006305038928986
17,17,74,74,0.028169674798846245
17,17,16,16,0.02398127131164074
17,17,85,85,0.023911545053124428
17,17,27,27,0.022421792149543762
18,18,15,15,0.031845271587371826
18,18,26,26,0.02762022241950035
18,18,101,101,0.020886311307549477
18,18,61,61,0.02026519551873207
18,18,50,50,0.019649688154459
18,18,83,83,0.018674815073609352
18,18,0,0,0.01710694096982479
18,18,7,7,0.017046554014086723
18,18,36,36,0.01646391488611698
19,19,67,67,0.03381193429231644
19,19,82,82,0.0322282612323761
19,19,20,20,0.027300670742988586
19,19,76,76,0.023968828842043877
19,19,98,98,0.02234259806573391
19,19,53,53,0.021143345162272453
19,19,31,31,0.020619256421923637
19,19,94,94,0.020560724660754204
19,19,79,79,0.01763896644115448
20,20,4,4,0.06414395570755005
20,20,34,34,0.05090859532356262
20,20,47,47,0.03538152948021889
20,20,90,90,0.03505441173911095
20,20,39,39,0.02590869553387165
20,20,36,36,0.02484859712421894
20,20,92,92,0.02385929971933365
20,20,9,9,0.022632472217082977
20,20,2,2,0.021821893751621246
21,21,5,5,0.03597765788435936
21,21,29,29,0.034151699393987656
21,21,68,68,0.028711410239338875
21,21,8,8,0.02659168653190136
21,21,28,28,0.02458505891263485
21,21,17,17,0.024260738864541054
21,21,85,85,0.02402578666806221
21,21,14,14,0.023007528856396675
21,21,27,27,0.02157733030617237
22,22,4,4,0.03081168793141842
22,22,9,9,0.029450275003910065
22,22,92,92,0.028063228353857994
22,22,93,93,0.021997397765517235
22,22,89,89,0.021804550662636757
22,22,90,90,0.020621782168745995
22,22,55,55,0.01973007619380951
22,22,34,34,0.017080476507544518
22,22,101,101,0.016887251287698746
23,23,92,92,0.050478745251894
23,23,9,9,0.04046480357646942
23,23,4,4,0.029297690838575363
23,23,34,34,0.02783776819705963
23,23,90,90,0.027290377765893936
23,23,40,40,0.025806374847888947
23,23,87,87,0.02405616082251072
23,23,43,43,0.02353663183748722
23,23,39,39,0.023388860747218132
24,24,57,57,0.0429818257689476
24,24,65,65,0.03785089775919914
24,24,42,42,0.03571042791008949
24,24,90,90,0.031412795186042786
24,24,2,2,0.03034013882279396
24,24,38,38,0.028647437691688538
24,24,27,27,0.02814503200352192
24,24,3,3,0.025798378512263298
24,24,98,98,0.024124957621097565
25,25,5,5,0.0355842262506485
25,25,29,29,0.033055003732442856
25,25,85,85,0.026481349021196365
25,25,17,17,0.024678369984030724
25,25,27,27,0.022788088768720627
25,25,24,24,0.02278384566307068
25,25,16,16,0.021656246855854988
25,25,68,68,0.020886262878775597
25,25,61,61,0.020110484212636948
26,26,15,15,0.07755996286869049
26,26,61,61,0.07336089760065079
26,26,50,50,0.027332821860909462
26,26,101,101,0.025670694187283516
26,26,48,48,0.023612739518284798
26,26,83,83,0.021558454260230064
26,26,7,7,0.020251085981726646
26,26,77,77,0.01940627582371235
26,26,18,18,0.01932653598487377
27,27,53,53,0.03990656137466431
27,27,85,85,0.03980007767677307
27,27,16,16,0.03381241858005524
27,27,24,24,0.03137834742665291
27,27,75,75,0.031176840886473656
27,27,3,3,0.02541700191795826
27,27,29,29,0.025362985208630562
27,27,17,17,0.025248629972338676
27,27,5,5,0.024965645745396614
28,28,74,74,0.05682408809661865
28,28,45,45,0.04197608307003975
28,28,5,5,0.0352347157895565
28,28,29,29,0.0348857045173645
28,28,68,68,0.03245193883776665
28,28,63,63,0.03038463369011879
28,28,77,77,0.02820715121924877
28,28,66,66,0.027891529724001884
28,28,8,8,0.025017356500029564
29,29,5,5,0.06642282009124756
29,29,68,68,0.05300851911306381
29,29,8,8,0.04250054061412811
29,29,74,74,0.037545014172792435
29,29,63,63,0.033242885023355484
29,29,17,17,0.02928200364112854
29,29,54,54,0.027923695743083954
29,29,28,28,0.027140287682414055
29,29,77,77,0.02695521153509617
30,30,98,98,0.06310363113880157
30,30,90,90,0.046396370977163315
30,30,4,4,0.043243709951639175
30,30,2,2,0.04278218001127243
30,30,34,34,0.03524980694055557
30,30,38,38,0.02693360485136509
30,30,24,24,0.025545014068484306
30,30,10,10,0.024052521213889122
30,30,40,40,0.022633250802755356
31,31,16,16,0.022625941783189774
31,31,19,19,0.020938489586114883
31,31,74,74,0.01834622211754322
31,31,53,53,0.018112188205122948
31,31,79,79,0.017808066681027412
31,31,85,85,0.017402784898877144
31,31,6,6,0.017205405980348587
31,31,82,82,0.016992736607789993
31,31,14,14,0.016891639679670334
32,32,74,74,0.08797911554574966
32,32,6,6,0.04487337917089462
32,32,45,45,0.04324823245406151
32,32,66,66,0.04246256873011589
32,32,81,81,0.036765072494745255
32,32,82,82,0.029600610956549644
32,32,77,77,0.027431141585111618
32,32,100,100,0.02131703868508339
32,32,35,35,0.020550131797790527
33,33,74,74,0.09149011224508286
33,33,45,45,0.07365619391202927
33,33,69,69,0.07155340164899826
33,33,77,77,0.04642235115170479
33,33,35,35,0.039957910776138306
33,33,86,86,0.03963642939925194
33,33,63,63,0.0342869758605957
33,33,48,48,0.02980591170489788
33,33,66,66,0.029043098911643028
34,34,4,4,0.13111500442028046
34,34,90,90,0.08610302954912186
34,34,40,40,0.07371056824922562
34,34,2,2,0.05442264303565025
34,34,92,92,0.05393648147583008
34,34,9,9,0.047962531447410583
34,34,93,93,0.028430521488189697
34,34,55,55,0.022619804367423058
34,34,20,20,0.021775607019662857
35,35,74,74,0.18304800987243652
35,35,45,45,0.1357993483543396
35,35,66,66,0.052848588675260544
35,35,77,77,0.052303556352853775
35,35,86,86,0.04877236485481262
35,35,63,63,0.036811213940382004
35,35,6,6,0.03259022906422615
35,35,69,69,0.02779543399810791
35,35,33,33,0.023735644295811653
36,36,4,4,0.0546068400144577
36,36,34,34,0.05010952800512314
36,36,40,40,0.04087742045521736
36,36,90,90,0.03922185301780701
36,36,9,9,0.038739509880542755
36,36,92,92,0.03242108225822449
36,36,2,2,0.027651401236653328
36,36,20,20,0.026489702984690666
36,36,95,95,0.024777688086032867
37,37,24,24,0.024801043793559074
37,37,92,92,0.02421483024954796
37,37,2,2,0.023114249110221863
37,37,90,90,0.022064942866563797
37,37,34,34,0.02173997461795807
37,37,93,93,0.021287281066179276
37,37,4,4,0.02120264433324337
37,37,61,61,0.021156664937734604
37,37,26,26,0.019632868468761444
38,38,24,24,0.040029142051935196
38,38,30,30,0.03536621481180191
38,38,90,90,0.03450010344386101
38,38,2,2,0.03334016352891922
38,38,4,4,0.030656635761260986
38,38,42,42,0.023999031633138657
38,38,34,34,0.022895855829119682
38,38,98,98,0.020869499072432518
38,38,89,89,0.020779797807335854
39,39,92,92,0.05133087560534477
39,39,9,9,0.036325957626104355
39,39,47,47,0.03202686458826065
39,39,20,20,0.03121330216526985
39,39,52,52,0.029937587678432465
39,39,87,87,0.029116321355104446
39,39,64,64,0.025609971955418587
39,39,4,4,0.02283449098467827
39,39,23,23,0.02270495891571045
40,40,34,34,0.10231262445449829
40,40,4,4,0.07466549426317215
40,40,92,92,0.04772298410534859
40,40,9,9,0.04721587896347046
40,40,90,90,0.045030899345874786
40,40,2,2,0.034484151750802994
40,40,93,93,0.03344036266207695
40,40,55,55,0.027766115963459015
40,40,36,36,0.022766008973121643
41,41,40,40,0.03276584669947624
41,41,34,34,0.028486493974924088
41,41,47,47,0.023347212001681328
41,41,98,98,0.022892553359270096
41,41,57,57,0.02136535383760929
41,41,20,20,0.020138554275035858
41,41,48,48,0.019965946674346924
41,41,30,30,0.018838703632354736
41,41,2,2,0.01810683310031891
42,42,90,90,0.0511455312371254
42,42,24,24,0.041735436767339706
42,42,4,4,0.03735530003905296
42,42,2,2,0.03574515879154205
42,42,92,92,0.031846579164266586
42,42,27,27,0.025876838713884354
42,42,75,75,0.02574341557919979
42,42,34,34,0.024563103914260864
42,42,9,9,0.02393740974366665
43,43,92,92,0.05796985328197479
43,43,9,9,0.047517258673906326
43,43,4,4,0.04527265951037407
43,43,90,90,0.042673178017139435
43,43,87,87,0.03841713070869446
43,43,34,34,0.030448324978351593
43,43,40,40,0.025859002023935318
43,43,93,93,0.025815481320023537
43,43,55,55,0.02350790798664093
44,44,4,4,0.030171170830726624
44,44,92,92,0.029752975329756737
44,44,9,9,0.0242259930819273
44,44,90,90,0.021919697523117065
44,44,52,52,0.020608214661478996
44,44,87,87,0.020431457087397575
44,44,95,95,0.020285900682210922
44,44,55,55,0.020122027024626732
44,44,39,39,0.01957063004374504
44,44,60,60,0.019072644412517548
45,45,74,74,0.3076159954071045
45,45,66,66,0.07607050985097885
45,45,77,77,0.05822441354393959
45,45,86,86,0.052567578852176666
45,45,63,63,0.031289320439100266
45,45,35,35,0.027766602113842964
45,45,6,6,0.026765547692775726
45,45,69,69,0.014546102844178677
45,45,14,14,0.0121909836307168
46,46,74,74,0.06348933279514313
46,46,45,45,0.06320009380578995
46,46,77,77,0.05148657038807869
46,46,63,63,0.03530149906873703
46,46,66,66,0.03518947586417198
46,46,86,86,0.03219955414533615
46,46,69,69,0.032121509313583374
46,46,35,35,0.025110384449362755
46,46,100,100,0.024283772334456444
47,47,34,34,0.04311339184641838
47,47,20,20,0.04092998802661896
47,47,9,9,0.03868667781352997
47,47,92,92,0.03848694637417793
47,47,40,40,0.03326631337404251
47,47,39,39,0.030752843245863914
47,47,4,4,0.029723230749368668
47,47,64,64,0.02840874344110489
47,47,90,90,0.027734925970435143
48,48,77,77,0.04621683806180954
48,48,33,33,0.045773427933454514
48,48,69,69,0.042472295463085175
48,48,50,50,0.033192817121744156
48,48,63,63,0.03236173838376999
48,48,7,7,0.027253083884716034
48,48,74,74,0.026543280109763145
48,48,45,45,0.025403035804629326
48,48,15,15,0.0239292960613966
49,49,86,86,0.027433248236775398
49,49,45,45,0.027400081977248192
49,49,33,33,0.025503477081656456
49,49,69,69,0.0241291131824255
49,49,74,74,0.023996813222765923
49,49,14,14,0.022453483194112778
49,49,62,62,0.020163346081972122
49,49,66,66,0.02014644257724285
49,49,84,84,0.018025510013103485
50,50,48,48,0.04047452285885811
50,50,26,26,0.029525060206651688
50,50,15,15,0.024531027302145958
50,50,7,7,0.024509239941835403
50,50,64,64,0.02127077430486679
50,50,33,33,0.020048324018716812
50,50,36,36,0.017593294382095337
50,50,23,23,0.017183847725391388
50,50,69,69,0.017004400491714478
51,51,5,5,0.022738376632332802
51,51,11,11,0.021521300077438354
51,51,29,29,0.01947152242064476
51,51,54,54,0.018077131360769272
51,51,27,27,0.017563186585903168
51,51,61,61,0.017426829785108566
51,51,8,8,0.01735096611082554
51,51,17,17,0.017127104103565216
51,51,37,37,0.01712382584810257
52,52,4,4,0.047226808965206146
52,52,9,9,0.0410764254629612
52,52,95,95,0.03575156629085541
52,52,92,92,0.03555295616388321
52,52,40,40,0.033568792045116425
52,52,87,87,0.027728401124477386
52,52,39,39,0.02751838229596615
52,52,34,34,0.02715461514890194
52,52,60,60,0.025331243872642517
53,53,27,27,0.03945280611515045
53,53,76,76,0.03112487494945526
53,53,85,85,0.02890530228614807
53,53,90,90,0.027290863916277885
53,53,16,16,0.02640054188668728
53,53,4,4,0.026224220171570778
53,53,42,42,0.02158542349934578
53,53,75,75,0.018998922780156136
53,53,82,82,0.018179507926106453
54,54,63,63,0.04466736316680908
54,54,77,77,0.03962215781211853
54,54,29,29,0.03783489763736725
54,54,5,5,0.03692720830440521
54,54,74,74,0.035717181861400604
54,54,68,68,0.03355143591761589
54,54,45,45,0.029525361955165863
54,54,71,71,0.02561432309448719
54,54,8,8,0.02340778522193432
55,55,4,4,0.07335168868303299
55,55,92,92,0.0729987844824791
55,55,9,9,0.05987162888050079
55,55,34,34,0.04738116264343262
55,55,90,90,0.04604232311248779
55,55,40,40,0.04190178960561752
55,55,93,93,0.038589224219322205
55,55,2,2,0.02900984324514866
55,55,87,87,0.024545209482312202
56,56,74,74,0.052054356783628464
56,56,45,45,0.048050981014966965
56,56,77,77,0.037680044770240784
56,56,66,66,0.03424660861492157
56,56,33,33,0.032385777682065964
56,56,63,63,0.03152662143111229
56,56,69,69,0.029107430949807167
56,56,86,86,0.02865816280245781
56,56,35,35,0.028509054332971573
56,56,48,48,0.025199707597494125
57,57,24,24,0.0564374215900898
57,57,90,90,0.028031477704644203
57,57,98,98,0.027517085894942284
57,57,2,2,0.024567902088165283
57,57,3,3,0.022213587537407875
57,57,92,92,0.0221934262663126
57,57,65,65,0.02149789407849312
57,57,34,34,0.020769376307725906
57,57,42,42,0.020174123346805573
58,58,4,4,0.04572015255689621
58,58,90,90,0.037125591188669205
58,58,34,34,0.035744015127420425
58,58,2,2,0.029809722676873207
58,58,40,40,0.02637886069715023
58,58,9,9,0.025924071669578552
58,58,95,95,0.024336736649274826
58,58,92,92,0.023201342672109604
58,58,10,10,0.02138357423245907
59,59,14,14,0.08571180701255798
59,59,45,45,0.05468112975358963
59,59,13,13,0.053950633853673935
59,59,74,74,0.04826373979449272
59,59,86,86,0.041797176003456116
59,59,66,66,0.03859642893075943
59,59,68,68,0.03355277329683304
59,59,8,8,0.02730870060622692
59,59,63,63,0.026418151333928108
60,60,9,9,0.037244003266096115
60,60,92,92,0.032570332288742065
60,60,4,4,0.03151779621839523
60,60,52,52,0.029874172061681747
60,60,93,93,0.02951701171696186
60,60,40,40,0.02824828214943409
60,60,55,55,0.025346821174025536
60,60,87,87,0.025258386507630348
60,60,95,95,0.024150552228093147
61,61,15,15,0.09429849684238434
61,61,26,26,0.07420067489147186
61,61,101,101,0.030549943447113037
61,61,11,11,0.02791234664618969
61,61,83,83,0.02178812213242054
61,61,7,7,0.019553445279598236
61,61,29,29,0.01769457757472992
61,61,77,77,0.017382046207785606
61,61,5,5,0.01695869117975235
62,62,45,45,0.08328981697559357
62,62,74,74,0.07392802089452744
62,62,86,86,0.05158011242747307
62,62,66,66,0.046272460371255875
62,62,63,63,0.04060911759734154
62,62,77,77,0.03882535919547081
62,62,14,14,0.03727388754487038
62,62,35,35,0.03180043771862984
62,62,68,68,0.025995401665568352
63,63,74,74,0.14168640971183777
63,63,45,45,0.12709259986877441
63,63,77,77,0.09423405677080154
63,63,66,66,0.06116410344839096
63,63,86,86,0.04255877435207367
63,63,35,35,0.03057238645851612
63,63,68,68,0.024150382727384567
63,63,69,69,0.019180402159690857
63,63,6,6,0.017624562606215477
64,64,47,47,0.033264994621276855
64,64,39,39,0.028794890269637108
64,64,50,50,0.025370420888066292
64,64,71,71,0.021734995767474174
64,64,69,69,0.019204305484890938
64,64,52,52,0.018196869641542435
64,64,7,7,0.017419539391994476
64,64,87,87,0.016408711671829224
64,64,23,23,0.01622517965734005
65,65,24,24,0.051992252469062805
65,65,13,13,0.043431900441646576
65,65,3,3,0.04194418713450432
65,65,75,75,0.028891494497656822
65,65,14,14,0.027528496459126472
65,65,27,27,0.02597174420952797
65,65,42,42,0.02374437265098095
65,65,59,59,0.023608580231666565
65,65,57,57,0.022489309310913086
66,66,74,74,0.21662059426307678
66,66,45,45,0.17865678668022156
66,66,77,77,0.05964043736457825
66,66,86,86,0.050904594361782074
66,66,6,6,0.03769250959157944
66,66,63,63,0.035365164279937744
66,66,35,35,0.02537824958562851
66,66,14,14,0.019515911117196083
66,66,100,100,0.016980892047286034
67,67,82,82,0.08068099617958069
67,67,81,81,0.0358622707426548
67,67,19,19,0.028517620638012886
67,67,6,6,0.027773480862379074
67,67,32,32,0.023968098685145378
67,67,98,98,0.022453293204307556
67,67,66,66,0.01837022602558136
67,67,1,1,0.01798609085381031
67,67,53,53,0.016770239919424057
68,68,74,74,0.08612983673810959
68,68,45,45,0.06635124981403351
68,68,14,14,0.04586062207818031
68,68,63,63,0.04182378575205803
68,68,66,66,0.03970766067504883
68,68,8,8,0.03873118758201599
68,68,5,5,0.037944890558719635
68,68,29,29,0.03776612505316734
68,68,77,77,0.0358482226729393
69,69,74,74,0.1129102110862732
69,69,45,45,0.09864643961191177
69,69,33,33,0.058937039226293564
69,69,77,77,0.05514928326010704
69,69,86,86,0.04223756864666939
69,69,35,35,0.03854191675782204
69,69,66,66,0.037251878529787064
69,69,63,63,0.03202346712350845
69,69,7,7,0.029863787814974785
70,70,74,74,0.08987259864807129
70,70,45,45,0.0748291015625
70,70,66,66,0.0450483001768589
70,70,77,77,0.038686979562044144
70,70,86,86,0.0357639379799366
70,70,6,6,0.03476547449827194
70,70,35,35,0.02926643192768097
70,70,69,69,0.028012843802571297
70,70,63,63,0.025719426572322845
70,70,100,100,0.022203676402568817
71,71,74,74,0.09109075367450714
71,71,45,45,0.07856112718582153
71,71,77,77,0.046201251447200775
71,71,66,66,0.03932706266641617
71,71,63,63,0.03790057823061943
71,71,68,68,0.03427588939666748
71,71,35,35,0.03375493735074997
71,71,86,86,0.031618986278772354
71,71,6,6,0.024961084127426147
72,72,40,40,0.02029656060039997
72,72,60,60,0.01797981560230255
72,72,52,52,0.016263972967863083
72,72,33,33,0.01606885716319084
72,72,15,15,0.015888478606939316
72,72,87,87,0.015099034644663334
72,72,92,92,0.0148818613961339
72,72,48,48,0.01479970384389162
72,72,13,13,0.01441233791410923
73,73,92,92,0.022423386573791504
73,73,50,50,0.022077273577451706
73,73,34,34,0.020752059295773506
73,73,9,9,0.018829986453056335
73,73,37,37,0.018043583258986473
73,73,40,40,0.017808765172958374
73,73,43,43,0.016734817996621132
73,73,90,90,0.015834173187613487
73,73,36,36,0.015829138457775116
74,74,45,45,0.2201467603445053
74,74,66,66,0.06600851565599442
74,74,77,77,0.05151486024260521
74,74,86,86,0.03915554657578468
74,74,6,6,0.02899796888232231
74,74,35,35,0.0267851110547781
74,74,63,63,0.024963613599538803
74,74,69,69,0.011915212497115135
74,74,100,100,0.009671291336417198
75,75,13,13,0.045404452830553055
75,75,27,27,0.036615364253520966
75,75,3,3,0.03562502562999725
75,75,42,42,0.02884136512875557
75,75,65,65,0.02754019945859909
75,75,14,14,0.026453375816345215
75,75,24,24,0.02482426166534424
75,75,76,76,0.02375672198832035
75,75,30,30,0.023250998929142952
76,76,53,53,0.038430046290159225
76,76,90,90,0.03144180402159691
76,76,4,4,0.02835225872695446
76,76,27,27,0.02816038392484188
76,76,75,75,0.02469176985323429
76,76,19,19,0.023699257522821426
76,76,42,42,0.022098055109381676
76,76,2,2,0.020121263340115547
76,76,85,85,0.019998978823423386
77,77,74,74,0.1926327347755432
77,77,45,45,0.15581385791301727
77,77,66,66,0.06795769184827805
77,77,63,63,0.06208471953868866
77,77,86,86,0.038913827389478683
77,77,35,35,0.028619181364774704
77,77,69,69,0.021762361750006676
77,77,6,6,0.02125898189842701
77,77,100,100,0.020931648090481758
78,78,74,74,0.034493982791900635
78,78,45,45,0.026529457420110703
78,78,68,68,0.024824799969792366
78,78,66,66,0.024441750720143318
78,78,14,14,0.02393678016960621
78,78,8,8,0.021503642201423645
78,78,29,29,0.020989401265978813
78,78,6,6,0.020987311378121376
78,78,5,5,0.020523427054286003
79,79,20,20,0.027727650478482246
79,79,90,90,0.022964071482419968
79,79,95,95,0.022241784259676933
79,79,16,16,0.01935006119310856
79,79,19,19,0.01910569705069065
79,79,31,31,0.018994778394699097
79,79,82,82,0.018418895080685616
79,79,53,53,0.01818825863301754
79,79,98,98,0.01811433769762516
80,80,40,40,0.023133406415581703
80,80,34,34,0.016998199746012688
80,80,36,36,0.016650505363941193
80,80,43,43,0.016444679349660873
80,80,67,67,0.015964051708579063
80,80,90,90,0.01595155894756317
80,80,4,4,0.015827486291527748
80,80,2,2,0.01536906510591507
80,80,9,9,0.01503619085997343
81,81,74,74,0.08112113177776337
81,81,6,6,0.056168220937252045
81,81,45,45,0.054576773196458817
81,81,66,66,0.05391344428062439
81,81,82,82,0.040842700749635696
81,81,32,32,0.03754128888249397
81,81,77,77,0.025696968659758568
81,81,1,1,0.025632629171013832
81,81,86,86,0.02322099171578884
82,82,67,67,0.06431303173303604
82,82,81,81,0.05058979615569115
82,82,6,6,0.04895763844251633
82,82,74,74,0.03766565024852753
82,82,32,32,0.03743888810276985
82,82,66,66,0.029017578810453415
82,82,45,45,0.022294245660305023
82,82,19,19,0.02166745439171791
82,82,1,1,0.020608682185411453
83,83,15,15,0.056583892554044724
83,83,7,7,0.029475467279553413
83,83,26,26,0.026122398674488068
83,83,61,61,0.026101894676685333
83,83,101,101,0.024955663830041885
83,83,0,0,0.021687472239136696
83,83,48,48,0.02082979865372181
83,83,84,84,0.020531974732875824
83,83,52,52,0.019462568685412407
84,84,74,74,0.05148156359791756
84,84,45,45,0.04725581407546997
84,84,15,15,0.03508470207452774
84,84,77,77,0.034169770777225494
84,84,66,66,0.027887722477316856
84,84,86,86,0.025955747812986374
84,84,100,100,0.025938522070646286
84,84,11,11,0.025496164336800575
84,84,7,7,0.025028878822922707
85,85,27,27,0.043616898357868195
85,85,16,16,0.04006388410925865
85,85,5,5,0.03556889295578003
85,85,53,53,0.03204164281487465
85,85,29,29,0.03136472404003143
85,85,17,17,0.029508423060178757
85,85,21,21,0.024334179237484932
85,85,25,25,0.024055391550064087
85,85,28,28,0.019241947680711746
86,86,74,74,0.18762248754501343
86,86,45,45,0.1802656203508377
86,86,66,66,0.07432737201452255
86,86,77,77,0.049865249544382095
86,86,63,63,0.035930223762989044
86,86,35,35,0.03419746086001396
86,86,6,6,0.02987142838537693
86,86,14,14,0.025847868993878365
86,86,69,69,0.021357927471399307
87,87,92,92,0.06408827751874924
87,87,9,9,0.058992933481931686
87,87,4,4,0.050719376653432846
87,87,90,90,0.0477256216108799
87,87,43,43,0.03425010293722153
87,87,95,95,0.03389585763216019
87,87,34,34,0.03318974748253822
87,87,40,40,0.02863963134586811
87,87,55,55,0.02665354683995247
88,88,98,98,0.02795604057610035
88,88,81,81,0.023965198546648026
88,88,16,16,0.020389102399349213
88,88,82,82,0.020217884331941605
88,88,71,71,0.019364014267921448
88,88,6,6,0.0192453283816576
88,88,64,64,0.01618977263569832
88,88,57,57,0.016050009056925774
88,88,74,74,0.01570056565105915
89,89,4,4,0.12004879117012024
89,89,90,90,0.04247574508190155
89,89,92,92,0.03871231898665428
89,89,9,9,0.03817281872034073
89,89,93,93,0.03727785497903824
89,89,34,34,0.03521515429019928
89,89,2,2,0.03261984512209892
89,89,55,55,0.02507118694484234
89,89,40,40,0.0234955046325922
90,90,4,4,0.15520039200782776
90,90,34,34,0.06802956759929657
90,90,2,2,0.05546450614929199
90,90,92,92,0.05386300012469292
90,90,9,9,0.04181240126490593
90,90,95,95,0.02930722013115883
90,90,40,40,0.02563246712088585
90,90,10,10,0.02224626950919628
90,90,93,93,0.020462537184357643
91,91,34,34,0.04999969154596329
91,91,90,90,0.03108719177544117
91,91,4,4,0.03045663796365261
91,91,40,40,0.02806331403553486
91,91,2,2,0.027544181793928146
91,91,20,20,0.02695048786699772
91,91,92,92,0.02427152544260025
91,91,9,9,0.020745867863297462
91,91,47,47,0.02045089565217495
92,92,9,9,0.09815051406621933
92,92,4,4,0.09171488881111145
92,92,90,90,0.06876394897699356
92,92,34,34,0.05440416932106018
92,92,93,93,0.040125198662281036
92,92,55,55,0.03515185788273811
92,92,40,40,0.03467988595366478
92,92,2,2,0.028874140232801437
92,92,87,87,0.02841992862522602
93,93,4,4,0.09350331127643585
93,93,92,92,0.07226134091615677
93,93,9,9,0.06671380251646042
93,93,34,34,0.05164438858628273
93,93,90,90,0.047045547515153885
93,93,40,40,0.04376327618956566
93,93,55,55,0.033464740961790085
93,93,2,2,0.03155640512704849
93,93,89,89,0.028942294418811798
94,94,66,66,0.06467805802822113
94,94,45,45,0.06275962293148041
94,94,74,74,0.05736546218395233
94,94,86,86,0.035127487033605576
94,94,77,77,0.03345808386802673
94,94,6,6,0.030402831733226776
94,94,14,14,0.02950216829776764
94,94,1,1,0.02793858014047146
94,94,81,81,0.025958174839615822
95,95,4,4,0.10212788730859756
95,95,90,90,0.07292851060628891
95,95,9,9,0.05015280470252037
95,95,34,34,0.036789581179618835
95,95,10,10,0.03483014181256294
95,95,92,92,0.03266160562634468
95,95,40,40,0.030103880912065506
95,95,87,87,0.029298366978764534
95,95,52,52,0.027150379493832588
96,96,74,74,0.06076614558696747
96,96,45,45,0.05778566747903824
96,96,77,77,0.04347005486488342
96,96,66,66,0.039740052074193954
96,96,63,63,0.03768625110387802
96,96,86,86,0.03120872750878334
96,96,35,35,0.02482706494629383
96,96,68,68,0.022980986163020134
96,96,71,71,0.02193942666053772
96,96,6,6,0.02080724947154522
97,97,14,14,0.0220531914383173
97,97,59,59,0.020173702389001846
97,97,75,75,0.019337384030222893
97,97,94,94,0.018817579373717308
97,97,13,13,0.01785644330084324
97,97,86,86,0.017031222581863403
97,97,19,19,0.017021100968122482
97,97,3,3,0.016416970640420914
97,97,66,66,0.01582733727991581
98,98,30,30,0.060348931699991226
98,98,24,24,0.02455151453614235
98,98,57,57,0.021327102556824684
98,98,88,88,0.020606188103556633
98,98,67,67,0.019683897495269775
98,98,90,90,0.017356697469949722
98,98,19,19,0.016519922763109207
98,98,2,2,0.015327777713537216
98,98,41,41,0.015279834158718586
99,99,34,34,0.027361486107110977
99,99,4,4,0.024717699736356735
99,99,47,47,0.022717291489243507
99,99,40,40,0.02228531613945961
99,99,90,90,0.02190864458680153
99,99,20,20,0.02146475575864315
99,99,95,95,0.020856695249676704
99,99,9,9,0.020585807040333748
99,99,92,92,0.018283404409885406
100,100,74,74,0.10907360911369324
100,100,45,45,0.09196556359529495
100,100,77,77,0.06313080340623856
100,100,66,66,0.05835741385817528
100,100,86,86,0.03419920429587364
100,100,63,63,0.034173138439655304
100,100,6,6,0.030671022832393646
100,100,35,35,0.02431594580411911
100,100,69,69,0.023115528747439384
101,101,15,15,0.05008189380168915
101,101,61,61,0.03771993890404701
101,101,26,26,0.032058365643024445
101,101,83,83,0.02572038769721985
101,101,60,60,0.023823609575629234
101,101,52,52,0.020739926025271416
101,101,11,11,0.020640484988689423
101,101,93,93,0.020060604438185692
101,101,9,9,0.01995113119482994
